filename,description,category
product_0001.jpg,Bebida pistacho y avena Yo Soy 1l,
product_0002.jpg,Bebida de almendra Barista 0% azúcares Ametller Origen 1l,
product_0003.jpg,Bebida de avena matcha Ametller Origen 1l,
product_0004.jpg,Bebida de avena Barista 0% azúcares Ametller Origen 1l,
product_0005.jpg,Horchata sin azúcar Ametller Origen 1l,
product_0006.jpg,Horchata Ametller Origen 310ml,
product_0007.jpg,Horchata Ametller Origen 1l,
product_0008.jpg,Horchata de chufa Ametller Origen 1l,
product_0009.jpg,Café latte light Kaiku 230ml,
product_0010.jpg,"Bebida de avena, fresa y plátano Via Nature 750ml",
product_0011.jpg,Café latte capuccino Kaiku 230ml,
product_0012.jpg,Bebida de avena Ametller Origen 1l,
product_0013.jpg,Bebida de arroz y avellanas Yo Soy 1l,
product_0014.jpg,Bebida de soja barista Yo Soy 1l,
product_0015.jpg,Bebida de avena con calcio Ametller Origen 1l - caja 6uds.,
product_0016.jpg,Bebida de avena con calcio YO SOY - caja 6uds.,
product_0017.jpg,Bebida de avena Barista Oatly 1l,
product_0018.jpg,Bebida de avena ecológica Ametller Origen - caja 6uds.,
product_0019.jpg,Bebida de arroz Ametller Origen 1l,
product_0020.jpg,Bebida avena con calcio Yo SOY 1L,
product_0021.jpg,Bebida de nueces y avena YO SOY 1l,
product_0022.jpg,Bebida de avena 0% Ametller Origen 1l,
product_0023.jpg,Bebida de arroz con calcio Ametller Origen 1l - caja 6uds,
product_0024.jpg,Bebida vegetal de almendra con calcio y sin azúcar Ametller Origen 1l,
product_0025.jpg,Bebida de almendra 0% azúcar YO SOY 1L,
product_0026.jpg,Bebida de avellanas YO SOY 1l - caja 6uds.,
product_0027.jpg,Bebida de arroz Yo Soy 1l,
product_0028.jpg,Bebida de avena Yo Soy 250ml,
product_0029.jpg,Bebida de almendra Almendrola 1l,
product_0030.jpg,Bebida de avena natural Essencials 1l,
product_0031.jpg,Bebida avena choco avellanas Yo Soy 1l,
product_0032.jpg,Bebida vegetal avena Essencials 1l - caja 6uds.,
product_0033.jpg,Bebida de arroz YOSOY 1l - caja 6uds.,
product_0034.jpg,Bebida de avena Yo Soy 1l,
product_0035.jpg,Bebida de almendra barista sin azúcar Almendrola 1l,
product_0036.jpg,Bebida de almendra con calcio Ametller Origen 1l - caja 6uds.,
product_0037.jpg,Bebida de avena ecológica YO SOY 1l,
product_0038.jpg,Bebida almendra sin azúcar Almendrola 1l,
product_0039.jpg,Bebida de arroz con coco Yo Soy 1l,
product_0040.jpg,Bebida de avena 0% YO SOY 1l.,
product_0041.jpg,Bebida de avena barista Ametller Origen 1L,
product_0042.jpg,Bebida de avena barista Yo Soy 1 l,
product_0043.jpg,Leche coco The Elements 1l,
product_0044.jpg,Bebida de avena barista Oatly 500ml,
product_0045.jpg,Bebida de soja Yo Soy 1l,
product_0046.jpg,Bebida de avena ecológica Ametller Origen 1l,
product_0047.jpg,Bebida vegetal de avena sin azúcar Oatly 1l,
product_0048.jpg,Bebida de avena barista Alpro 1l,
product_0049.jpg,Bebida de avena YO SOY 1l - caja 6uds.,
product_0050.jpg,Bebida de avena barista Ametller Origen 1l - caja 6uds.,
