sku_id,description,category
bebidavegetal_yosoy_arroz_coco_1l,Bebida de arroz con coco Yo Soy 1l,bebida_vegetal
bebidavegetal_ametller_orxata_1l,Horchata de chufa Ametller Origen 1l,bebida_vegetal
bebidavegetal_elements_coco_1l,Leche de coco Elements 1l,bebida_vegetal
bebidavegetal_yosoy_arroz_avellanas_1l,Bebida de arroz y avellanas Yo Soy 1l,bebida_vegetal
bebidavegetal_almendrola_almendra_1l,Bebida almendra sin azúcar Almendrola 1l,bebida_vegetal
yosoy_avena_ecologico_1l,Bebida de avena ecológica Yo Soy 1l,bebida_vegetal
yosoy_avena_250ml,Bebida de avena Yo Soy 250ml,bebida_vegetal
yosoy_barista_avena_1l,Bebida de avena barista Yo Soy 1 l,bebida_vegetal
leche_ato_semidesnatada_1l,Leche semidesnatada ATO 1l,leche
